Time (min),Oil (mL),Hydrosol (mL),u (Temp sp)
0,0,0.001,550
13.45,0.5,92,535
22.8,1.5,168,500
32.8,2,242,465
43.43333334,3,302,435
55.16666667,3.5,342,400
64.19999997,3.5,369,375
77.89999997,3.5,392,340
83.31666667,3.5,400,325
,,,
