Time (min),Oil (mL),Hydrosol (mL),u (Temp sp)
0,0,0.001,550
10.00166667,1,119,550
20.00166667,1.5,243,465
30.00166667,2,307,415
40.00166667,2,344,385
50.00166667,2.5,375,365
60.00166667,3,393,355
70.00166667,3.5,418,350
80.00166667,4,432,345
90.00166667,4,437,340
