Time (min),Oil (mL),Hydrosol (mL),u (Temp sp)
0,0,0.001,550
10.5,2,133,550
21.18333333,3,274,550
33.28333333,4,372,550
45.4,4,492,550
57.6833333,4.7,622,550
71.8166667,4.8,782,550
83.6333333,4.8,890,550
98.2666667,4.9,1040,550
